organization,members
government,115
maptime,17
plone,15
collective,10
apinf,9
mozilla,9
github-beta,7
moose-team,7
github,7
epicgames,7
hackfoldr,7
recursecenter,7
nuams,6
rubytaiwan,6
apache,6
perltaiwan,6
nodeschool,6
fellows,5
hacking-thursday,5
mapbox,5
opennewslabs,5
dcpython,4
sushijs,4
wdb,4
hotosm,4
hkcodecamp,4
mainehackerclub,4
kyrug,4
techlahoma,4
opencontrol,4
hicapacity,4
nko2,4
nko4,4
conda-forge,4
deptofdefense,4
collexion,4
ipython,4
norfolkjs,4
globusonline,4
ireapps,4
thrive-refugee,4
openannotation,4
openlab-aux,4
cylc,4
beerjs,4
excellaco,4
pcman-bbs,3
scitools,3
nko,3
scikit-beam,3
techatnyu,3
simplesconsultoria,3
curry-club-aux,3
voxel,3
mdn,3
thoughtworksinc,3
jupyter,3
ropenscilabs,3
streetmix,3
artaround,3
nodejs,3
wikimedia,3
devfort,3
popuprobots,3
dini-ag-kim,3
swcarpentry,3
loc-rdc,3
joomlatools,3
ropensci,3
atom,3
julialang,3
nooku,3
osmlab,3
ghost-network,3
pistondevelopers,3
emergingtechnologyadvisors,3
nodetiles,3
osplanning,3
nko3,3
apiops,3
chewing,3
mapnik,3
mozilla-b2g,3
irail,3
openhatch,3
dcfemtech,3
nashvillesoftwareschool,3
geopython,3
cf-convention,3
colorado-code-for-communities,3
crowducate,3
nasaworldwindresearch,3
btvphp,3
fused-wind,3
electron,3
facebook,3
educloudalliance,3
ofa-alumni,3
python,3
hackdeoverheid,3
jumpstartlab,3
morph-test-scrapers,3
hackshackersafrica,3
w3c,3
fisma-ready,3
turfjs,2
whatwg,2
icalialabs,2
slco-2016,2
mail-in-a-box,2
chadev,2
trailsjs,2
fugacious,2
addok,2
buergerbautstadt,2
votestakes,2
maptimeatx,2
startupwichita,2
f2etw,2
citygram,2
aims-group,2
w3ctag,2
osoc13,2
gocodeboulder,2
osoc15,2
poligraphapp,2
proruby,2
pgrouting,2
geonode,2
urbanairship,2
openvehicletracker,2
rdflib,2
bitcamp,2
tossug,2
modestmaps,2
urbanlab,2
arkitektum,2
camptocamp,2
manufactured-solutions,2
mpas-dev,2
chihacknight,2
maptimemilehigh,2
puppetlabs,2
openpdx,2
firecoders,2
ux-temp,2
girldevelopit,2
cahealthdata,2
nicta,2
leaflet-extras,2
usg-website-templates,2
opentechschool,2
devopsaustralia,2
civomega,2
shotwell-labs,2
udst,2
boxen,2
jekyll,2
dokku,2
hackmanchester,2
bolt,2
opentraildata,2
mindleaps,2
teikei,2
hackoregon,2
nss-cohort-8,2
sensebox,2
beeldengeluid,2
generalassembly-studio,2
epochfail,2
websages,2
hatsnpants,2
pdxhub,2
scalamx,2
boost,2
jsonresume,2
caktus,2
open-mpi,2
datacats,2
efforg,2
nsls-ii-chx,2
ibm,2
puertoricorb,2
owncloud,2
nodejs-tw,2
openmdao,2
astropy,2
itsbspoke,2
nitorcreations,2
synhak,2
southkorea,2
pyugrid,2
vta,2
cltk,2
novapython,2
pur,2
mapzen,2
blencorp,2
asascience-open,2
lockerproject,2
nci-gdc,2
usgs-vizlab,2
efaoz,2
opensourcedesign,2
georchestra,2
projectdeltaio,2
dinkbit,2
madridrb,2
movieclub,2
aogpn,2
codemontagehq,2
osscommunity,2
womany,2
osgeo,2
pdfliberation,2
boxkite,2
moztw,2
spaceuu,2
georust,2
assemble,2
theironyard,2
cloudfoundry-community,2
hack4vdb,2
mozillascience,2
contentmine,2
pixative,2
octokit,2
semanticmediawiki,2
monome-community,2
microsofttce,2
koopjs,2
openlayers,2
acme-oui,2
hubot-scripts,2
cometaworks,2
pythonbrasil,2
jglobus,2
jenkinsci,2
atlrug-rhok,2
thegrokery,2
757rb,2
xsdk-project,2
hackforwesternmass,2
bcdevops,2
amida-tech,2
alan-turing-institute,2
netlight,2
codeforruhrgebiet,2
django,2
appleseednyc,2
wikieducationfoundation,2
asl-usgs,2
opensfs,2
stamen,2
devict,2
xanadu-linux,2
webshootertk,2
daisy,2
coderdojo,2
freeculture,2
creativecommons,2
bower,2
electron-userland,2
giantswarm,2
microsoft,2
socialc0de,2
odi-fsa,2
sudoroom,2
401ode,2
libqueso,2
citizen-cyberscience-centre,2
ohanajs,2
conveyal,2
citizenlabsgr,2
plone-ve,2
catalog-ng,2
conectivo,2
o19s,2
australia,2
askalotcqa,2
desarrollandoamericalatina,2
rubyaz,2
wec-sim,2
lpug,2
mtconnect,2
donut-js,2
gofore,2
infotecmx,2
youthtechprogram,2
lexladiescode,2
52north,2
faithcreates,2
p2pu,2
matplotlib,2
obtiva,2
proyectoarepalinux,2
phxdata,2
azavea,2
charlotte-ruby,2
gentoo,2
indieweb,2
rapidsms,2
transcode-de,2
hackerschoolmty,2
debian-lxqt,2
grinsfem,2
berkeleyexpertsystemtechnologieslab,2
flowgig,2
aimsat-mx,2
proximityviz,2
nyantec,2
creativecommonskorea,2
etison,2
sitcon-tw,2
secoora,2
flisol,2
openjournals,2
bearing,2
vaslibre,2
mozilla-services,2
civica-digital,2
duckduckgo,2
dataportalindia,2
ubuntuve,2
spendingjp,2
cyberwizardinstitute,2
ogcmetoceandwg,2
geoext,2
codeforberlin,2
opora,2
ugrid-conventions,2
axiom-data-science,2
hypermodules,2
jazzband,2
linux-taiwan,2
cirrusmio,2
education,2
uab-acm-hackathon,2
pirate-parties-international,2
tractorfeed,2
advancedenergyeconomy,1
redmountainmakers,1
wdiv-scrapers,1
koodiklinikka,1
ipmitmo,1
golangbr,1
geocat,1
presente,1
bravolt,1
scriptedcurriculum,1
baltimore-puppet-users-group,1
angularjs-de,1
miters,1
geocam,1
advisebrasil,1
brailleapps,1
slideatlas,1
musesproject,1
projecthamster,1
lurc,1
cha-open-gov-champions,1
kkbox,1
cplug,1
sciencetoolbox,1
snudm,1
soft-matter,1
ifgovthenthat,1
osoc14,1
bitcampa16z,1
holmwell,1
veracruz-digital,1
jugcologne,1
techramento,1
publicinnovation,1
open211,1
aipescience,1
phpsgi,1
jsfest,1
uwdb,1
arlingtonruby,1
railsgirlsauckland,1
inbo,1
commonsdev,1
fractalflows,1
acrogenesis-lab,1
huevapi,1
bridgeiris,1
factorial-io,1
us-nearshore-research-community,1
apisuomi,1
kivy,1
propublica,1
telegraphacademy,1
757io,1
10up,1
opencpu,1
chickenrand,1
threespot,1
gamebytes,1
democracyos,1
linkeddatafragments,1
ntuosc,1
australiannationaluniversity,1
blacksintechnologyorg,1
inrhythm,1
biocontainers,1
pyve,1
lmfit,1
openseadragon,1
mashsoftware,1
datasf,1
globallinks,1
opendatapolicingnc,1
deathraygames,1
rbgvictoria,1
devchixuy,1
effalo,1
coursemology,1
opintel,1
sfdc-matrix,1
travis-ci,1
gitlabhq,1
rice-solar-physics,1
hyperaudio-dev,1
etec-de-guaianazes,1
farol52,1
allegro-project,1
mit-history,1
nussoc,1
aperture-team,1
isislab-unisa,1
scopyleft,1
quickleft,1
libantioch,1
oabutton,1
openrouting,1
opensourceorg,1
upreach,1
bundler,1
bluffingsloth,1
mapattack,1
escueladehackers,1
yunohost-apps,1
openrural,1
isalwaysone,1
tfk-code,1
lastminutemtp,1
switchboardpy,1
poesea,1
learningtapestry,1
openmath,1
viant-metabolomics,1
gdi-vlaanderen,1
nodebots,1
geometeor,1
civicindustries,1
hhtyo,1
cenditel,1
revsys,1
tinypresstesting,1
octopress,1
25sprout,1
fellows-in-innovation,1
lr-training,1
rcgsheffield,1
txtnonymous,1
twokings,1
turtles-with-lasers,1
enb,1
es-doc,1
cocotools,1
howtonails,1
paramountventures,1
isac2014-team4,1
vip-edemocracy,1
kinsights,1
hnec-vr,1
openaq,1
squaretalent,1
cucawarriors,1
buildingsync,1
hikkendry,1
pytche,1
proj4js,1
ytoolshed,1
hackingagainstslavery,1
computerbasedhonorsprogram,1
googletrends,1
nodeconf,1
cfabrigadesanfrancisco,1
aegircoop,1
libsms,1
mozmar,1
ccnz,1
boulder-food-rescue,1
piwik,1
mpiwg-tools,1
hacktennessee7,1
epfl-agentbased-2014,1
communityntnu,1
clf,1
btvwag,1
kennethreitz-archive,1
driebit,1
shamblrteam,1
pokemongovet,1
laratoolkit,1
gdgvilnius,1
golangmx,1
opendevicelab,1
thoughtworks,1
agilionapps,1
minifast,1
xrayspectroscopy,1
lsug,1
study-master,1
coneoproject,1
jupyter-incubator,1
lgbteeo,1
tabeethaschool,1
marshmallow-code,1
warelab,1
southfloridarails,1
opensignal,1
envirocar,1
conference-opportunities,1
careproject,1
hamfist,1
nycapitolcamp,1
funguide,1
court,1
ladybug-analysis-tools,1
ethereum-cph,1
cobweb-eu,1
ailabitmo,1
fiji,1
oduacm,1
kiwix,1
phpbrew,1
tigrelug,1
zenirc,1
imperialists,1
saveabunny,1
gondola-naranja,1
gunicorn,1
smithorm,1
datavalues,1
castxml,1
allyarnsarebeautiful,1
kinggemeenten,1
soundcloud,1
power-grid-lib,1
bfl-itp,1
thecognizantfoundry,1
ntusa,1
fga-unb,1
chokepointproject,1
librecat,1
voxpupuli,1
librocket,1
uniformlyrandom,1
eletalk,1
dextro-research,1
tuftsvalt,1
learninggitworkflow,1
sci-visus,1
dev4good,1
ntnusa,1
codeforscience,1
lesbianswhotech,1
unitycapstone,1
swan4kids,1
influencetech,1
comicweb,1
famous-project,1
chaoschemnitz,1
servo,1
nodejsnyc,1
medirectory,1
cravefood,1
codefortokyo,1
netways,1
datafable,1
referme,1
ieee-pes-amps,1
summitesp,1
unleashkids,1
glamhp-longwood,1
taxize,1
clojadelphia,1
osmfj,1
kinto,1
phoneliberationnet,1
constellations,1
bbht-ctf,1
scienceai,1
wellcomelibrary,1
digikopo,1
rails-girls-summer-of-code,1
o-fun,1
receipt-bank,1
rhokbelgium,1
kinesisptyltd,1
cobenian,1
cloudyr,1
instructormatters,1
dessn,1
interactivecologne,1
dividebyzerollc,1
ocorrenciasbr,1
softgrade,1
baseadressenationale,1
codeforprogress,1
leaflet,1
waffleio,1
palmbeachpost,1
northern-latitudes,1
som-energia,1
chanantech,1
hivejs,1
sapporospending,1
onyxpoint,1
sown,1
eyfs,1
liip,1
itam-ds,1
coderwall-forked,1
whyjustrun,1
vaultjs,1
ocf,1
pinguinove,1
awslabs,1
kartograph,1
vim-tw,1
webassembly,1
denovogear,1
mit6s194-spring14,1
mittransportanalyst,1
nashvillewomenprogrammers,1
firstleads,1
danmccarey,1
w0unc,1
s4fs,1
gpsdd,1
hydrashare,1
joomladevelopers,1
coderwall-nephilakomaci3,1
coderwall-cub,1
gdisanjose,1
automatic,1
stellar-group,1
rubinius,1
startup-technology,1
gctaa,1
rsginc,1
ruby-concurrency,1
codeforsanantonio,1
cchs-melbourne,1
alv-ch-ng,1
dev-urandom,1
enthought,1
cprteam,1
astrodataformat,1
densitydesign,1
cloudspokes,1
voxmedia,1
mmucomputing,1
midasplatform,1
perdix-labs,1
appgeo,1
redecentralize,1
spesmilo,1
sc0v,1
web-napopa,1
hillsborough-hackathon-2013,1
webmontag,1
boringengineering,1
requests,1
camsys,1
jstanbul,1
ludomuse,1
directactioneverywhere,1
runscreaming,1
cc86hn,1
ether,1
greenonblack,1
transitland,1
door2door-io,1
vectrlabs,1
sudomesh,1
wavmusic,1
worldjusticeproject,1
analogio,1
redturtle,1
caminus,1
fesl,1
nys-its-hhs-labor,1
scikit-xray,1
hackerdojo,1
omco,1
hax4,1
jekyll-pizza,1
venmo,1
coderwall-python,1
somethingnewuk,1
universityofkentuckyacm,1
asthmapolis,1
umdjs,1
pacmet,1
dcactionforchildren,1
sesame-nus,1
spaceappsatlanta,1
aucklandruby,1
hackita02,1
django-district,1
wfplhatch,1
versahq,1
qgis,1
codenamu,1
angelflame,1
pyladiesdf,1
hearmecode,1
senegalhistory,1
smartwfm,1
opencdms,1
women-who-code-sf-frontend-devs,1
authclub,1
maptimenyc,1
macsysadmin,1
geomapfish,1
bluerival,1
jumpstartgeorgia,1
aliada-mx,1
geopandas,1
onibushacker,1
openwrt-zipit,1
trustoss,1
microlattice,1
dropcam,1
op2,1
louhos,1
gizra,1
srobo,1
tweetstream,1
stankylegg,1
teaops,1
mclear,1
template-ethanfavoriate,1
pamods,1
crossgovernmentservices,1
jatscommunity,1
spdproject,1
spendingjp-kawaguchi,1
coderdojopotsdam,1
streamwave,1
sendgrid-winners,1
byuflowlab,1
scala,1
drupalers-kr,1
pixnet,1
prechac,1
sprintly,1
hacktivateorg,1
scala-swing,1
silveregg,1
greenstreetsinitiative,1
59,1
culanth,1
smithsonianworkshops,1
edwintheduck,1
esmci,1
atsid,1
pdxnode,1
overtone,1
cuyahoga-tap,1
setonescap,1
taxikick,1
bizeebee,1
dwyl,1
thirteen23,1
ancir,1
fxos-product-design,1
geoadmin,1
apiengine,1
griffithlab,1
consumr-project,1
indievox-inc,1
usqcd-software,1
bmearth,1
numfocus,1
fog,1
rdfa,1
osmbrasil,1
jplusplus,1
element84,1
vojodotco,1
formidablelabs,1
screeninvader,1
buildig,1
exist-book,1
codethesouth,1
chirpradio,1
marionette-daq,1
suny-albany-cci-inf362,1
devscola,1
systers,1
pixelazul,1
existsolutions,1
scrappyacademy,1
associatedpress,1
icepa,1
govdelivery,1
paidmappers,1
phandeeyar,1
hitoridokusho,1
dataforgoodfr,1
complaints,1
bus-data-nyc,1
nlwikibots,1
thekrakken,1
coralnexus,1
redelivre,1
taptheory,1
firechip,1
interexchange,1
istrategylabs,1
erikhuda,1
wordpress,1
django-de,1
analyticsmediagroup,1
opendataboardgame,1
6aika,1
unisharp,1
friends-of-iup,1
flashchats,1
nci-ats,1
salesflare,1
deafhhs,1
cleanweb-uk,1
srbdevelopment,1
cpln690-musa610,1
team2oy,1
reddmetrics,1
pyeg,1
nerds,1
rmll,1
hspuebla,1
backlog-kanban,1
rot-13,1
grupyrp,1
startuplabo-academy,1
gentoo-science,1
aiaio,1
wikidata-lib,1
wbkd,1
iqss,1
lovelysystems,1
maptimephl,1
huji-nlp,1
softnshare,1
socialplanning,1
python-visualization,1
popup-hack,1
thefuturesfund,1
coralproject,1
rubyherzlein,1
tiy-tpa-rails-q2-2015,1
muslims,1
trainhack,1
enigma-io,1
24pullrequests,1
isubit,1
maptimeboston,1
maptimelex,1
webkitz,1
hshackers,1
anchorageprogramming,1
zendesk,1
unicefuganda,1
hiit,1
pixelboxed,1
grgivecamp,1
consul,1
thedailynu,1
bogusjourney,1
biospectrabysequencing,1
corpoelecsa,1
nashfp,1
capitaltechnologyservices,1
sierrasystems,1
angrycactus,1
openlabs,1
geoamateurs,1
dbopendata,1
linuxheilbronn,1
zephir-lang,1
oophp,1
npm-dom,1
ropenhealth,1
mobbler,1
level,1
purehouse,1
commonsdelinker,1
pylast,1
calibro,1
thalmic-alpha,1
marvelexplorer,1
coderwall-24pullrequestscontinuous,1
openhealthcare,1
meteorcrowd,1
datavicgovau,1
sci-wms,1
vim-jp,1
icinga,1
soundlocate,1
d-w3c,1
dockerhr,1
bowers-illinois-edu,1
ruboto,1
scraperwiki,1
yasslab,1
emaps,1
azad-hall,1
gdg-sp,1
pi3challenge,1
hdc-arizona,1
cagovops,1
drupalcorn,1
hfpuebla,1
rl10n,1
enroll,1
meaningfuluse,1
what3emojis,1
opengeoscience,1
openmunilabs,1
plv8,1
sandwich-zone,1
avtryck,1
myfossil,1
cfachicago,1
copywrongs-gang,1
python-diamond,1
archiveteam,1
opensourcehk,1
veriteco,1
liberation,1
hexcores,1
galliumos,1
georemindme,1
distancedevelopment,1
dbpedia,1
unfoldgroup,1
teclib,1
dakarlug,1
gerilife,1
mirumbo,1
quantgen,1
zen-games,1
upperquad,1
tu-berlin,1
workhood,1
atxhack4change,1
americanartmuseum,1
regardscitoyens,1
flaredash,1
clkao-cookbooks,1
vega,1
c4fcm,1
fledit,1
aelitabot,1
windenergytoolbox,1
foxio,1
ifgi-webteam,1
srgresearch,1
tildeclub,1
leonuxpyme,1
szetosgroup,1
cartographers-for-social-equality,1
0xlab,1
soit-sk,1
uktrade,1
hackseq,1
neighborly,1
geekhouseokinawa,1
codeyoungstown,1
gamedevgr,1
denver-devs,1
th-koeln,1
emorynlp,1
pdxosgeo,1
csslint,1
mozvr,1
exploratour,1
ecmwf,1
opensourcepolitics,1
chromaticfm,1
lanl-ansi,1
tactivos,1
easyime,1
openbudgets,1
opensc,1
lanl-cosim,1
pixmat,1
relaystudio,1
gdg-br,1
pybossa,1
listinc,1
getringleader,1
gnomehispano,1
css-tricks,1
joktelatinoamerica,1
force11,1
skepgit,1
clips-tk,1
raceforresilience,1
stawry,1
nextrequest,1
jhu-dataviz-summer16,1
wireservice,1
betaandbit,1
masterprojectopenstack2015,1
jsbin,1
codamatic,1
openpolitics,1
hassleme,1
refactoru-alumni,1
urbanlaunchpad,1
citybuildingtools,1
datakind-sf,1
salesloft,1
ctacdev,1
adiwg,1
kopfmaschine,1
ohdh14,1
dbflow,1
dreamforcehackathon,1
apido,1
gleon,1
studionelstrom,1
lab-squirrel,1
hcs,1
ipfs,1
intneupro,1
python-beaver,1
eebhub,1
rounds,1
skiffhack,1
celdiven,1
shdhpuebla,1
gwu-cs2441,1
mitaketw,1
git-tw,1
jmhooper-fed-test,1
proteinuniverse,1
cdpoffline,1
covantec,1
15mpedia,1
slashroots,1
jug-vale,1
lexdockermeetup,1
maptimeatl,1
tinypressco,1
algebraicphylogenetics,1
ttucscec,1
internet3000,1
ona,1
ksp-ckan,1
canadensys,1
van-dam-iron-works,1
baddudesclub,1
uhuraapp,1
angular,1
ablehealth,1
neworganizing,1
pdftables,1
pdx-cocoaheads,1
fooji,1
jerseyconnect,1
kaltia,1
openwhisk,1
gigster-eng,1
bitvalley,1
fmi,1
sacmoie,1
kosmtik,1
knl-iadb,1
girder,1
wikimediadc,1
codetengu,1
symfony-cmf,1
bestfoundation,1
codericdev,1
geneticsmining,1
wikiwatershed,1
noosfero,1
pdxrlang,1
scripted-year2-cristo-rey,1
neuwal,1
simplefocus,1
okturtles,1
docker-captains,1
pyladiesdc,1
iobis,1
linuxvoice,1
openslides,1
milwaukeedata,1
pediapress,1
enigma-platform,1
censusreporter,1
whispersystems,1
lowresourcelanguages,1
idigbio-api-hackathon,1
cfkenya-kmp,1
opendatach,1
leacocks,1
atl-bigdataweek,1
zhtw,1
itsmarta,1
clique-mob,1
spacedogxyz,1
servicestack,1
osm-cwg,1
oneclickorgs,1
webuildcity,1
maps4html,1
uwdata,1
rescu,1
datacommons,1
redbadger,1
acmeism,1
utah-node-ninjas,1
open-food,1
hropen-croatia,1
hedisdb,1
isitchristmas,1
kcards,1
judge-team,1
hackerschool12,1
trilinos,1
health2sync,1
psas,1
rust-community,1
open511,1
columbiadevs,1
9elements,1
diirt,1
asyncly,1
ainc,1
dysania,1
labhack,1
ninuxorg,1
techqueria,1
inchworms,1
newsnerdery,1
haymarketdev,1
meetstrange,1
hack4reno,1
theatlantic,1
mongoengine,1
php-brasil,1
openmediabg,1
etherapp,1
freifunktrier,1
leah-incorporated,1
valtechtechno,1
bluehats,1
cardiffrb,1
maketimeinc,1
sudachiworks,1
gschool,1
worldbank-transport,1
datajournalismrussia,1
opengravestones,1
tiy-tpa-fee,1
spaghetti-open-data,1
opendesign-workinggroup,1
collecta,1
historycampus,1
openplus,1
banterventures,1
zeczec,1
wemakeinternet,1
awesometts,1
hack-at-uchicago,1
pyoceans,1
wpivis,1
scottylabs,1
gitenberg,1
juliacon,1
deliveryunit,1
uk-mac,1
vprnet,1
culpabilitybrown,1
lucidtechnics,1
githubschool,1
infoeducatie,1
qbxnet,1
9thlegionmilsim,1
ibm-js,1
ifgi-egov-opendata,1
csie,1
geobin-io,1
sujevo,1
stringdev,1
global-urban-datafest,1
psu-epl,1
tipplrio,1
jungllle,1
styleci,1
open-aerospace,1
arecalvinandrachelmarried,1
tradeo,1
bumps,1
snyk,1
awearness,1
emacs-tw,1
opendwarfs,1
nccucs,1
devicehive,1
mantisbt-plugins,1
vectores,1
hitraffic,1
fullstack101,1
collider,1
flot,1
millbanksystems,1
dev-londrina,1
openhumans,1
nss-cohort-11,1
juliageo,1
geekygroup,1
opendata-swiss,1
ruby2d,1
cmugpi,1
python-in-astronomy,1
csis-ilab,1
pnnlgov,1
nextcloud,1
qoph,1
bluewormlabs,1
lodum,1
umd-byob,1
onebusaway,1
tdwg,1
jumpsuitcommerce,1
jssophia,1
scats,1
coderwall-charity,1
democracy-international,1
braillespecs,1
ivx,1
forjournalism,1
pysit,1
flipdot,1
ericsson,1
who-ocr,1
openreferral,1
anntw,1
hackshackers,1
srcery,1
planningcorps,1
mayoneus,1
master-floss,1
cashstar,1
metadata101,1
eucalyptus,1
gophergala2016,1
agile-france,1
patchwork,1
dasasozialenetzwerk,1
csvsoundsystem,1
renewer,1
maptimemsp,1
rails-components,1
b-html,1
diveintomark,1
gobridge,1
stumpsyn,1
incliques,1
liverpool-uk,1
pouchdb,1
revolutionva,1
zerocycle,1
jrf-tw,1
livemix,1
pythias-io,1
wcsim,1
reactkr,1
hackasaurus,1
association-merci-edgar,1
webdevsummit,1
surreyears,1
rubygems,1
powerdms,1
epics-motor-wg,1
tulsaopensourcehardware,1
ezpg,1
nodes-ios,1
leicesterhackspace,1
tiy-dc-ror-2015-may,1
solderpad,1
silexconsulting,1
integrallis,1
hippodrs,1
projectmesa,1
zerogachis,1
ux-mexico,1
yonderhub,1
opengovcat,1
piplot,1
listeningme,1
caribbeanopeninstitute,1
imagej,1
mi2-warsaw,1
mappingcenter,1
ashrae,1
calamar-io,1
youthtree,1
shuburi,1
customcomputinggroup,1
pythonlabs,1
interop-dev,1
filedrops,1
huggle,1
doe-workflows,1
espressopp,1
metakgp,1
sbvirtual,1
geoservices,1
airlift-framework,1
olog,1
modcloth-labs,1
yhteentoimivuuspalvelut,1
advanced-js,1
docui,1
hackerunion,1
nko5,1
edjug,1
tdt,1
camlistore,1
eztechve,1
swat-sheffield,1
isac-tokyo,1
benlovellltd,1
nurpa,1
sjcdigital,1
140proof,1
uwescience,1
hacktheuniverse,1
universitatjaumei,1
randomhacks,1
elastics,1
open-notify,1
elsagradocoran,1
gfdrr,1
honeypatch,1
rtcga,1
bravetoasterstudio,1
atraci,1
teos-10,1
thackdaydf,1
mur-at,1
slickage,1
heartheartheart,1
newsreader,1
startherellc,1
empirejustice,1
canvas-medical,1
datawrapper,1
atlanticmediastrategies,1
nhsengland,1
sasakiassociates,1
spacehackers,1
krssg,1
woudc,1
desktopsolutionssoftware,1
data-driven-science,1
performant-software,1
electroscope,1
refunite,1
welovepizza,1
joeforks,1
intelliment,1
cortlandtlabs,1
vulk,1
spacelog,1
qsnake,1
certbot,1
coderdojobbev,1
chattanoogapubliclibrary,1
wearethorn,1
fdtl,1
oppia,1
teknologforeningen,1
pythonmexico,1
summer-of-open-source,1
smart-on-fhir,1
pointcoin,1
hackingmaterials,1
cambridgehousingauthority,1
openrefine,1
coop-code,1
hofstra,1
mozillawiki,1
flashysubstance,1
the6thcolumnproject,1
eaternet,1
soapboxsys,1
core4,1
newyorkcitycouncil,1
red-spotted-newts-2014,1
trombonifide,1
carlhuda,1
kata-seeds,1
opentechmakeathon,1
mozo-works,1
gromacs,1
anunuclear,1
streamcrease,1
csvconf,1
tabulapdf,1
vikyrgz,1
cornellmarsrover,1
styletiles,1
atssc-scdata,1
twosigma,1
axios-engineering,1
yhteinen,1
coderwall-nephilakomaci,1
stupidtest,1
centerforopenscience,1
wavesoftware,1
koodilehto,1
seattlegreenways,1
sympy,1
biomakespace,1
enredacoop,1
cloudkick,1
museomix,1
yshi,1
uysio,1
zeumo,1
sistemasdevenezuela,1
reaxdev,1
codecorvallis,1
nsls-ii-srx,1
pbs,1
parallelio,1
openconceptconsulting,1
hippophp,1
os-data,1
dimsumlabs,1
theodi-ud2d,1
microsoftgeekhub,1
datavisualizationjapan,1
boajs,1
scalafx,1
collectionfs,1
bright-fame,1
mgi-coders,1
rubycommotion,1
geoknow,1
big-cz,1
opengendertracking,1
omniauth,1
compiledammit,1
pttbbs,1
primer,1
bikesharehawaii,1
e-mergency,1
spacegraphcats,1
wikidataquality,1
feowl,1
rails-girls-sofia,1
espit,1
openseattle,1
akruby,1
cmapi,1
drmf,1
btcven,1
zhealth,1
ploneedu,1
inspireteam,1
hack4reno2011,1
goodfornothing,1
ashburtonh3,1
plus2,1
pydata,1
qrbon,1
ankidroid,1
uncharted,1
codebar,1
guifi,1
oresat,1
bocha-neighbors,1
openruhr,1
discomania-fm,1
openfootball,1
esri,1
umap-project,1
sfnkassel,1
renojs,1
hacklabufrgs,1
nccucs-se,1
phusion,1
webdavsharp,1
projecttacoma,1
libusbx,1
digital-harvest,1
astuntechnology,1
politicahacker,1
startupexchangemakers,1
codraft,1
rawbase,1
rubymanor,1
wemakeit,1
partidodeinternet,1
homebrew,1
common-workers,1
daktary-team,1
pythonsd,1
mmmanyfold,1
mantisbt,1
croupiers,1
exilium,1
juliastats,1
kepler-186f,1
sfmoci,1
quaker-io,1
historymesh,1
innovatics,1
minizinc,1
prose,1
aftf,1
sitw,1
bridgeborn,1
simple2d,1
snowballstem,1
obeobecom,1
espressomd,1
olpc-sf,1
cuny-nytech,1
semterface,1
csv,1
opensplash,1
guru-sp,1
munett,1
transcriptshq,1
inaturalist,1
farmhacknl,1
bluepill-rb,1
distributedopenunifiedgovernmentnetwork,1
stackgl,1
meticulous,1
mpi-forum,1
hackfm,1
mtwg,1
korovasoft,1
voxeljs,1
fineslacks,1
aboutdotme,1
calscommunications,1
orezeni,1
bundesregierung,1
try-harder,1
kardam,1
presidential-innovation-foundation,1
londonhackspace,1
pathagarbooks,1
koriyamadojo,1
learnfrontend,1
debate-watch,1
realraum,1
kentcommunications,1
logistify,1
ultravioletef,1
hit-syntaxerror,1
reactjstw,1
intuo,1
abacus,1
golangtw,1
koordinates,1
planetlabs,1
alv-ch-devandops,1
goldenvolunteer,1
cakesoftwarefoundation,1
ofi-cray,1
codingbad,1
node-forward,1
okinawarb,1
myweather,1
vagnuab,1
parcelbright,1
badtroll,1
onionbrowser,1
titokone,1
spaceappsreno,1
vxl,1
aybtotal,1
project-banjo,1
nzherald,1
bedegaming,1
team-lasers-and-potatos,1
jakobib,1
railsthemes,1
pugvale,1
ubuntu-ve,1
nispatial,1
hello-base,1
flyingsaucerproject,1
typehk,1
publicmapping,1
cdmb,1
toolhub,1
osm-ar,1
ractive-foundation,1
blant,1
zurb,1
democraciaenred,1
csdl,1
amsn,1
ebookfoundation,1
virtualglobebook,1
ordoro,1
engagedwith,1
polycademy,1
oneworlddata,1
oki-archive,1
oort,1
crowdata,1
rhgreadingokinawa,1
esipfed,1
travelopenapps,1
git-duet,1
vdroficial,1
cavagrill,1
codeeu,1
forkgeeks,1
cityofpittsburgh,1
citydevs,1
caferrari-zce,1
ukhealthcamp,1
helpers,1
qpm,1
student-satellite-iitb,1
criticalcare,1
tenders-exposed,1
hapori,1
gliderlabs,1
cx-base,1
berkeley-mosc,1
wandercircus,1
maschinendeck,1
earbits,1
hackerhours,1
freegeektwincities,1
contikiholidays,1
clemovementlaw,1
devleague,1
programming-training,1
nvite,1
excellalabs,1
freedomcemetery,1
heavywater-solutions,1
rajawali,1
freshfinder,1
tryghost,1
bikeky,1
rfcx,1
aksw,1
makersacademy,1
rust-syndication,1
coderdojogithub,1
corimf,1
characterlab,1
cdk,1
uruguay-pais,1
hep-sf,1
d8-contrib-modules,1
losfuzzys,1
ororfest,1
elizabrocksoftware,1
inmunited,1
it3s,1
youse-seguradora,1
spa-js,1
sudo-js,1
or-urisa-yps,1
jquery,1
lanacioncom,1
apileipzig,1
rallysoftware,1
demand-progress,1
eventplicity,1
euhackathon,1
databarracks,1
flipside-org,1
niji-commit,1
cuboulder-hpcperfanalysis,1
syracuse-saves,1
trainspot,1
mifos,1
limoengroen,1
canaimauniversitario,1
macpython,1
topazproject,1
krasnoyarsksummerschool,1
foofactoryoy,1
smbc-digital,1
altthree,1
bem-site,1
senegalouvert,1
e-democracy,1
dyous,1
phpsp,1
developers-doing-development,1
salesking,1
sandboxcrew,1
kidark,1
dsilabs,1
chnops,1
jcbr,1
bp2012h1,1
restpose,1
hackmontgomery,1
sppm,1
gemini-testing,1
uniliquid,1
plugorgau,1
sydjs,1
meshmd,1
shownotes,1
pycon,1
youngstowndesignworks,1
jeffersonlab,1
shopify,1
kitwaremedical,1
ucsd-iem,1
kleiodev,1
capsid,1
xraypy,1
cugc,1
erum2016,1
lighthouse-labs,1
sicpdistilled,1
cdnjs,1
aifdr,1
coquicoders,1
thegivinglab,1
locallibrary,1
laravelmx,1
coscup,1
handlino,1
wirecell,1
e-admin,1
projectdx,1
fluxbox,1
trolljs,1
coders4help,1
autonodoc,1
nvidiagameworks,1
voc,1
teampuppy,1
growcode,1
offlinefirst,1
coderwall-python3,1
ciecode-madrid,1
yoinup,1
wurstmineberg,1
civichall,1
continuumio,1
inventive-ninja,1
mit-cml,1
geoserver,1
gophergala,1
signom,1
fillarikanava,1
jovyan,1
hackedio,1
zimpfidelidade,1
rubymotion,1
codetrotters,1
netflixui,1
parks-conservancy,1
data-citation-working-group,1
seczetta,1
joyent,1
laclasse-com,1
techhire,1
nzgather,1
parallel-6,1
pylab,1
kboofm,1
pythonjournos,1
canube,1
taiwan,1
kansanmuisti,1
semantic-org,1
ifcore,1
datadrivenindustries,1
sandag,1
mehellc,1
snuchic,1
armhf-docker-library,1
skarphed,1
gamecraftldn,1
pabotv,1
rangers,1
railsweek2014,1
karline-software,1
mintcanary,1
ufsec,1
alligo,1
miaplaza,1
puavo-org,1
distroshare,1
fightforthefuture,1
supplychainstudies,1
transparenthealth,1
eea,1
light-field-microscopy,1
checklisthq,1
google,1
ppoe,1
culturegraph,1
mapfish,1
dukehealth,1
losalamoscodingdojo,1
thesecretlab,1
pivotabrasil,1
creanyx,1
hackthedinos,1
alistapart,1
sounddrop,1
disclosurelogs,1
exquery,1
processing,1
bi,1
mattership,1
muccc,1
votusinc,1
rdfjs,1
cloudcities,1
netflix,1
getsubrosa,1
clibs,1
gorillageek,1
sgrid,1
perconik,1
senegalouvert-datasets,1
urbanstrategies,1
nteract,1
aboutwebllc,1
theeuropeanlibrary,1
appropriate,1
griffincollaboration,1
xitive,1
tegraoss,1
plantio,1
dtuwindenergy,1
lammps,1
konlpy,1
heroku,1
seedpod,1
granicus,1
pantheon-systems,1
chartbeat,1
gsa-simple-api,1
lazyscripts,1
radiationpar,1
osgeo-jp,1
zgcz,1
capybala,1
cernsummerwebfest,1
freelawproject,1
openastronomy,1
batmanjs,1
luthercollege,1
pdxruby,1
ubuntu-tw,1
ocha-dap,1
zenofapi,1
virgo-agent-toolkit,1
controlgroup,1
moments-notice,1
hashpanel,1
reactive-io,1
abstractedu,1
rubyforgood,1
sourceforge,1
diowa,1
prettymint,1
simple-api,1
commonkey,1
cyclus,1
kuzzleio,1
neracoos-open,1
genome,1
storycorps,1
freifunkks,1
sourcemapinc,1
minnpost,1
civicmakers,1
opentripplanner,1
hashdist,1
fs-geofs,1
kitware,1
snapsearch,1
mapmyenergy,1
wmde,1
kort,1
rdmorganiser,1
metricinsights,1
intridea,1
doughio,1
gwu-business,1
gosteelprogrammers,1
pdx-towerfall,1
api-standards,1
goog1e,1
discreteoptimization,1
customink,1
hackjersey,1
openpermissions,1
peace-code,1
reclaimphilly,1
sorocabacss,1
grays,1
edx,1
democraciaconcodigos,1
insvrance,1
open-nuage,1
freeformdigital,1
rootio,1
semantichealthcare,1
caporaso-lab,1
netivism,1
next-l,1
versity,1
vikingeducation,1
visualizing,1
wellnessfx,1
brigade,1
disruptiveangels,1
somoamsterdam,1
level-up,1
openopps,1
conocimientolibre,1
scaleft,1
wp-evolved,1
symetics,1
codeforafricalabs,1
gjtrier,1
planejamentogovbr,1
opinsys,1
documentationjs,1
stopblockingtheproductivity,1
emergya,1
geoinquietossevilla,1
clippercard,1
networkx,1
dublinjs,1
hercules-team,1
gisinc,1
rawfunkmaharishi,1
goodybag,1
atx-osg,1
autoitmicro,1
licenses,1
vikingsecurity,1
flisol-ve,1
liverpoolcodeclub,1
phonegap,1
buildaffect-org,1
oreillymedia,1
mathjax,1
cordova,1
factico,1
uchicago-cs,1
foundrynet,1
netracker,1
openmf,1
vscodevim,1
openmp,1
waybetter,1
debian-ve,1
inegifacil,1
spinen,1
javascript-finland,1
python-glasgow,1
ctf,1
houseofmushrooms,1
m3j,1
casaliberdade,1
guardianproject,1
digitalstate,1
cidroid,1
bzflag-dev,1
edenspiekermann,1
commonists,1
hpimakerklub,1
chb,1
luvit,1
theironyard-rails-atl,1
cray,1
geolibre,1
mumakers,1
neutrinet,1
rest-client,1
deep-blue-dev,1
sonetfbk,1
cugos,1
akubra,1
teamwhizzard,1
prosvita,1
providenceplan,1
csj-analytics,1
weou,1
crypto-browserify,1
csun-student-affairs,1
storiesofsolidarity,1
doubleunion,1
openmensa,1
openhistoricalmap,1
uf-aggregator,1
detroitledger,1
forumone,1
formspring,1
valhalla,1
octolabs,1
placematters-decision-lab,1
uspfta,1
asyncjs,1
webiwg,1
salmonhabitat,1
wintr,1
opinc,1
honeyco,1
snaekobbi,1
platzi,1
dune,1
apprenda,1
lumiere-lighting,1
rawtechio,1
kickstarter,1
space-turtles,1
networklocum,1
hrphp,1
danskebank,1
lc3-inmegen,1
ottawaruby,1
grupydf,1
spudmind,1
issc,1
pyca,1
communityfarm,1
metroatlas,1
mxunit,1
openraildata,1
tortugas-consulting-llc,1
freebsd,1
hyperstudio,1
ucsd-ra,1
sushack,1
libbitcoin,1
flatturtle,1
videntity,1
casaclub,1
webbymediagroup,1
shoperti,1
trainline-eu,1
nordsoftware,1
fedora-infra,1
cobrateam,1
rubycentral,1
inncrisis,1
taj-tech,1
mito-city-5374,1
digitalartisans,1
cakephp,1
octobear,1
microbiome,1
thatmob,1
guard,1
armed-docker,1
dataexpedition,1
idiomarabe,1
cgrii,1
exist-db,1
ebola-geonode,1
twobacksurfers,1
vistrails,1
our,1
trailheadlabs,1
flapjack,1
sensiblecodeio,1
globaltranslator,1
onswipeold,1
nzruby,1
gobiernofacil,1
ixydo,1
imediasolutions,1
rhoket-scientists,1
lagotto,1
m-labs,1
nbcuots,1
kbase-software-foundation,1
cds-hooks,1
websafari,1
classlab,1
yipit,1
ancestry,1
spacetalk,1
weibellab,1
insightsoftwareconsortium,1
ballpit,1
sixgill,1
hackbulgaria,1
rubiesondacloud,1
lightweightdjango,1
mvpdev,1
youhack,1
dojo-se,1
linuxharbour,1
analyticalgraphicsinc,1
factlink,1
ios-goodies,1
getupgraded,1
bustlelabs,1
hackgen,1
wevote,1
techism,1
seatgeek,1
jats4r,1
bkkhack,1
firedrakeproject,1
friendsofcake,1
django-ve,1
codenubs,1
wellcometrust,1
openwater,1
lsug-dojo,1
darkenergysciencecollaboration,1
devinit,1
pervasive,1
nyag,1
piratenfraktion-berlin,1
libusb,1
ctnt,1
unboxed,1
tmuxinator,1
bem,1
faitmain,1
pulwifi,1
odm2,1
colab,1
wowafrica,1
seedtk,1
corvallisswing,1
districtdatalabs,1
balderdashy,1
nsls-ii-xpd,1
freebsdtaiwan,1
accessibility,1
xattr,1
taipeiio,1
votca,1
stadtratmonitor,1
railsgirlslondon,1
hacktahoe,1
pivotal,1
osgeo-es,1
pubstandards,1
addstarmc,1
trustthevote-project,1
empirejs,1
suncoast-devs,1
emfcamp,1
testdouble,1
wynnjs,1
lem-usp,1
spaceappsnyc,1
headissue,1
betterlink,1
renewablefunding,1
quincecatorce,1
projectcypress,1
adlnet-archive,1
cromatico,1
medialab-prado,1
xploreplus,1
backstopmedia,1
reborncms,1
galecia,1
cag-org-in,1
awesomefoundation,1
bridgefoundry,1
rirug,1
clever-crow-consulting,1
mcdevs,1
ydek,1
cse512-15s,1
aloharb,1
cdcssg,1
pypa,1
norix,1
procert,1
popuparchive,1
angularjs-tw,1
debianve,1
netzfreiheit,1
massmutual,1
niucsie,1
piratesf,1
se-aap,1
raedoc,1
pixelhipsters,1
doselect,1
octo-web-front-end-tribe,1
l3ib,1
ideascube,1
ebc,1
georepublic,1
vzla,1
cvmix,1
openeemeter,1
opentecture,1
whawty,1
ukyacm,1
pandaproject,1
cryptopartygraz,1
badges,1
ioatransits,1
hackerscafe,1
akroncodeclub,1
bayeshack2016,1
probono,1
offerti,1
painless-software,1
hypothesis,1
theclassnotes,1
agreste,1
lostisland,1
fossasia,1
python-ottawa,1
fortaleza-insurgente,1
hacktivistas,1
cultural-ubuntu,1
capclug,1
topcoderinc,1
hackberkeley,1
tracywebtech,1
synergylabs,1
mozillavenezuela,1
5fpro,1
orlandosentinel,1
wpoa,1
pyladies,1
ucl,1
cnhl,1
berkeley-cs61b,1
rustaudio,1
charto,1
onebigvoice,1
motivateco,1
cats-with-potatos,1
martindev,1
taarifa,1
railslove,1
underhill-labs,1
hhba,1
tagshot,1
sexinfo,1
publicinsightnetwork,1
lowiki-org,1
datproject,1
playandbuild,1
mapserver,1
nhshackday,1
tlipea,1
indiegogo,1
docker-muenster,1
epochtalk,1
linkedin,1
fsc-os,1
openamee,1
ep-tech-oh,1
hylang,1
exabyte-io,1
devhouse,1
sopr,1
json-ld,1
livebg,1
calangohc,1
notifymehq,1
ioi,1
finalsclub,1
rosedu,1
cachethq,1
axisphilly,1
mozillahk,1
aegir-project,1
uscki,1
schienenliebe,1
cf-metadata,1
dipor,1
openactive,1
hyperthesis,1
elemental,1
winsitter,1
mathml,1
gophercon,1
trendmicro,1
terriajs,1
hashids,1
weblaws,1
matrixai,1
fishtank,1
oregon-affordable-housing,1
wevoteeducation,1
ca-lab,1
pycqa,1
compilerla,1
cancercare,1
saxocom,1
nsls-ii-esm,1
forestwatchers,1
gdg-hr,1
zansors,1
ivoa,1
mhs,1
geonetwork,1
gathersus,1
lndata,1
ubceslab,1
deliverance,1
pennpraxis,1
docker-puebla,1
contemplateltd,1
citycamp,1
recombinators,1
belp,1
nemac,1
openimagerynetwork,1
foldingathome,1
lablivrebr,1
openaddresses,1
orlandodevs,1
code-for-all,1
mapkibera,1
coderwall-polygamous,1
evessio,1
segmentio,1
phpfriendsofddd,1
mockmock,1
botballyac,1
astrifex,1
refuge,1
city-at-umd,1
torservers,1
arcgis,1
infortrend-openstack,1
partidodelared,1
nextcloud-gmbh,1
cse512-14w,1
esafastprototyping,1
sinsai,1
coderdojonakano,1
data-creative,1
scitools-incubator,1
tamparuby,1
cursame,1
hotstartup,1
tortuo,1
communityred,1
icgc-dcc,1
openzfs,1
banterhack,1
teamtschunk,1
stakx-io,1
okkr,1
timemagazine,1
cottagelabs,1
openguides,1
pythongranada,1
fcrepo3,1
ulmapi,1
chartbeat-labs,1
robotology,1
geopy,1
cyberagent,1
cnslve,1
westmichiganrubytraining,1
biocore,1
bnlif,1
springtidecollectiveorg,1
networkblockdevice,1
radlib,1
actinidia,1
r3bl,1
zeroknol,1
qiime2,1
henniggroup,1
webecology,1
iostruct,1
django-pylibmc,1
wal-e,1
hackpr,1
batonrpg,1
cascadehnl,1
seoultech,1
kesnerwalter,1
code-tn,1
secondfriend,1
php-df,1
chef-rbenv,1
agileatwork,1
hep-tools,1
datapackages,1
debian,1
the-pen,1
essenceapi,1
sass,1
eol,1
sozeapp,1
lift,1
pdxempanadas,1
futuregeeks,1
gammapy,1
hotitv,1
marketplaceux,1
